farm,plot,lem_rate,year,rep,date_harvest,date_measured,wincrop,crop,id,brix,notes
hort,r1t5,1.8,2025,1,5/20/25,5/23/25,kale,kale,1,6.5,
hort,r1t5,1.8,2025,1,5/20/25,5/23/25,kale,kale,2,6.5,
hort,r1t5,1.8,2025,1,5/20/25,5/23/25,kale,kale,3,5,
hort,r1t9,0,2025,1,5/20/25,5/23/25,kale,kale,1,5.8,
hort,r1t9,0,2025,1,5/20/25,5/23/25,kale,kale,2,5.1,
hort,r1t9,0,2025,1,5/20/25,5/23/25,kale,kale,3,5.3,
hort,r4t7,1.8,2025,4,5/20/25,5/23/25,kale,kale,1,6.7,
hort,r4t7,1.8,2025,4,5/20/25,5/23/25,kale,kale,2,6.8,
hort,r4t7,1.8,2025,4,5/20/25,5/23/25,kale,kale,3,6.8,
hort,r1t2,3.6,2025,1,5/20/25,5/23/25,kale,kale,1,6.6,
hort,r1t2,3.6,2025,1,5/20/25,5/23/25,kale,kale,2,5.3,
hort,r1t2,3.6,2025,1,5/20/25,5/23/25,kale,kale,3,6.7,
hort,r2t3,1.8,2025,2,5/20/25,5/23/25,kale,kale,1,5.2,
hort,r2t3,1.8,2025,2,5/20/25,5/23/25,kale,kale,2,6.9,
hort,r2t3,1.8,2025,2,5/20/25,5/23/25,kale,kale,3,5.6,
hort,r2t8,0,2025,2,5/20/25,5/23/25,kale,kale,1,5.6,
hort,r2t8,0,2025,2,5/20/25,5/23/25,kale,kale,2,6.2,
hort,r2t8,0,2025,2,5/20/25,5/23/25,kale,kale,3,5.2,
hort,r3t4,1.8,2025,3,5/20/25,5/23/25,kale,kale,1,7,
hort,r3t4,1.8,2025,3,5/20/25,5/23/25,kale,kale,2,6.1,
hort,r3t4,1.8,2025,3,5/20/25,5/23/25,kale,kale,3,6.9,
hort,r4t2,0,2025,4,5/20/25,5/23/25,kale,kale,1,6.5,
hort,r4t2,0,2025,4,5/20/25,5/23/25,kale,kale,2,6.7,
hort,r4t2,0,2025,4,5/20/25,5/23/25,kale,kale,3,7.1,
hort,r3t7,0,2025,3,5/20/25,5/23/25,kale,kale,1,5.9,
hort,r3t7,0,2025,3,5/20/25,5/23/25,kale,kale,2,6.3,
hort,r3t7,0,2025,3,5/20/25,5/23/25,kale,kale,3,5.3,
hort,r2t5,3.6,2025,2,5/20/25,5/23/25,kale,kale,1,7,
hort,r2t5,3.6,2025,2,5/20/25,5/23/25,kale,kale,2,6.5,
hort,r2t5,3.6,2025,2,5/20/25,5/23/25,kale,kale,3,7.1,
hort,r3t1,3.6,2025,3,5/20/25,5/23/25,kale,kale,1,7,
hort,r3t1,3.6,2025,3,5/20/25,5/23/25,kale,kale,2,6.7,
hort,r3t1,3.6,2025,3,5/20/25,5/23/25,kale,kale,3,7.4,
hort,r4t4,3.6,2025,4,5/20/25,5/23/25,kale,kale,1,5.5,
hort,r4t4,3.6,2025,4,5/20/25,5/23/25,kale,kale,2,5.9,
hort,r4t4,3.6,2025,4,5/20/25,5/23/25,kale,kale,3,6.6,
hort,r1t7,0,2025,1,5/19/25,5/27/25,carrot,carrot,1,6.9,
hort,r1t7,0,2025,1,5/19/25,5/27/25,carrot,carrot,2,6.7,
hort,r1t7,0,2025,1,5/19/25,5/27/25,carrot,carrot,3,7,
hort,r2t1,0,2025,2,5/19/25,5/27/25,carrot,carrot,1,6.1,
hort,r2t1,0,2025,2,5/19/25,5/27/25,carrot,carrot,2,7.1,
hort,r2t1,0,2025,2,5/19/25,5/27/25,carrot,carrot,3,8.1,
hort,r3t5,0,2025,3,5/19/25,5/27/25,carrot,carrot,1,6.3,
hort,r3t5,0,2025,3,5/19/25,5/27/25,carrot,carrot,2,7.3,
hort,r3t5,0,2025,3,5/19/25,5/27/25,carrot,carrot,3,7.4,
hort,r4t9,0,2025,4,5/19/25,5/27/25,carrot,carrot,1,7.1,
hort,r4t9,0,2025,4,5/19/25,5/27/25,carrot,carrot,2,8.1,
hort,r4t9,0,2025,4,5/19/25,5/27/25,carrot,carrot,3,7,
hort,r1t4,1.8,2025,1,5/19/25,5/27/25,carrot,carrot,1,7.4,
hort,r1t4,1.8,2025,1,5/19/25,5/27/25,carrot,carrot,2,6.9,
hort,r1t4,1.8,2025,1,5/19/25,5/27/25,carrot,carrot,3,6.6,
hort,r2t9,1.8,2025,2,5/19/25,5/27/25,carrot,carrot,1,6.8,
hort,r2t9,1.8,2025,2,5/19/25,5/27/25,carrot,carrot,2,7.5,
hort,r2t9,1.8,2025,2,5/19/25,5/27/25,carrot,carrot,3,7.4,
hort,r3t2,1.8,2025,3,5/19/25,5/27/25,carrot,carrot,1,6.5,
hort,r3t2,1.8,2025,3,5/19/25,5/27/25,carrot,carrot,2,6.4,
hort,r3t2,1.8,2025,3,5/19/25,5/27/25,carrot,carrot,3,5.9,
hort,r4t3,1.8,2025,4,5/19/25,5/27/25,carrot,carrot,1,7.2,
hort,r4t3,1.8,2025,4,5/19/25,5/27/25,carrot,carrot,2,7.2,
hort,r4t3,1.8,2025,4,5/19/25,5/27/25,carrot,carrot,3,7,
hort,r1t8,3.6,2025,1,5/19/25,5/27/25,carrot,carrot,1,6.5,
hort,r1t8,3.6,2025,1,5/19/25,5/27/25,carrot,carrot,2,6.5,
hort,r1t8,3.6,2025,1,5/19/25,5/27/25,carrot,carrot,3,6.4,
hort,r2t7,3.6,2025,2,5/19/25,5/27/25,carrot,carrot,1,6.5,
hort,r2t7,3.6,2025,2,5/19/25,5/27/25,carrot,carrot,2,6.3,
hort,r2t7,3.6,2025,2,5/19/25,5/27/25,carrot,carrot,3,6.7,
hort,r3t9,3.6,2025,3,5/19/25,5/27/25,carrot,carrot,1,6.5,
hort,r3t9,3.6,2025,3,5/19/25,5/27/25,carrot,carrot,2,6,
hort,r3t9,3.6,2025,3,5/19/25,5/27/25,carrot,carrot,3,7,
hort,r4t6,3.6,2025,4,5/19/25,5/27/25,carrot,carrot,1,7.2,
hort,r4t6,3.6,2025,4,5/19/25,5/27/25,carrot,carrot,2,6.9,
hort,r4t6,3.6,2025,4,5/19/25,5/27/25,carrot,carrot,3,7.7,
bcbf,r1t2,3.6,2025,1,6/3/25,6/11/25,kale,kale,1,7,
bcbf,r1t2,3.6,2025,1,6/3/25,6/11/25,kale,kale,3,5.2,
bcbf,r1t5,1.8,2025,1,6/3/25,6/11/25,kale,kale,1,9.2,
bcbf,r1t5,1.8,2025,1,6/3/25,6/11/25,kale,kale,2,6.4,
bcbf,r1t5,1.8,2025,1,6/3/25,6/11/25,kale,kale,3,6.6,
bcbf,r1t9,0,2025,1,6/3/25,6/11/25,kale,kale,1,8.3,
bcbf,r2t3,1.8,2025,2,6/3/25,6/11/25,kale,kale,1,7.2,
bcbf,r2t3,1.8,2025,2,6/3/25,6/11/25,kale,kale,2,8.7,
bcbf,r2t3,1.8,2025,2,6/3/25,6/11/25,kale,kale,3,8.1,
bcbf,r2t5,3.6,2025,2,6/3/25,6/11/25,kale,kale,1,9.2,
bcbf,r2t5,3.6,2025,2,6/3/25,6/11/25,kale,kale,2,8,
bcbf,r2t5,3.6,2025,2,6/3/25,6/11/25,kale,kale,3,7.3,
bcbf,r2t8,0,2025,2,6/3/25,6/11/25,kale,kale,1,10.4,
bcbf,r2t8,0,2025,2,6/3/25,6/11/25,kale,kale,2,9.2,
bcbf,r2t8,0,2025,2,6/3/25,6/11/25,kale,kale,3,8.5,
bcbf,r3t1,3.6,2025,3,6/3/25,6/11/25,kale,kale,1,8.4,
bcbf,r3t4,1.8,2025,3,6/3/25,6/11/25,kale,kale,1,8.6,
bcbf,r3t4,1.8,2025,3,6/3/25,6/11/25,kale,kale,2,9.6,
bcbf,r3t4,1.8,2025,3,6/3/25,6/11/25,kale,kale,3,9.2,
bcbf,r3t7,0,2025,3,6/3/25,6/11/25,kale,kale,1,7.4,
bcbf,r3t7,0,2025,3,6/3/25,6/11/25,kale,kale,2,8.9,
bcbf,r4t2,0,2025,4,6/3/25,6/11/25,kale,kale,2,9.8,
bcbf,r4t2,0,2025,4,6/3/25,6/11/25,kale,kale,3,9.3,
bcbf,r4t4,3.6,2025,4,6/3/25,6/11/25,kale,kale,1,7.4,
bcbf,r4t4,3.6,2025,4,6/3/25,6/11/25,kale,kale,2,10.1,
bcbf,r4t4,3.6,2025,4,6/3/25,6/11/25,kale,kale,3,6.7,
bcbf,r4t7,1.8,2025,4,6/3/25,6/11/25,kale,kale,1,9.5,
bcbf,r4t7,1.8,2025,4,6/3/25,6/11/25,kale,kale,2,10.1,
bcbf,r4t7,1.8,2025,4,6/3/25,6/11/25,kale,kale,3,9.9,
bcbf,r1t4,1.8,2025,1,6/3/25,6/11/25,carrot,carrot,1,7.2,
bcbf,r1t4,1.8,2025,1,6/3/25,6/11/25,carrot,carrot,2,6.4,
bcbf,r1t4,1.8,2025,1,6/3/25,6/11/25,carrot,carrot,3,6.5,
bcbf,r1t7,0,2025,1,6/3/25,6/11/25,carrot,carrot,1,6,
bcbf,r1t7,0,2025,1,6/3/25,6/11/25,carrot,carrot,2,5,
bcbf,r1t7,0,2025,1,6/3/25,6/11/25,carrot,carrot,3,5.9,
bcbf,r1t8,3.6,2025,1,6/3/25,6/11/25,carrot,carrot,1,5.7,
bcbf,r1t8,3.6,2025,1,6/3/25,6/11/25,carrot,carrot,2,6,
bcbf,r1t8,3.6,2025,1,6/3/25,6/11/25,carrot,carrot,3,6.2,
bcbf,r2t1,0,2025,2,6/3/25,6/11/25,carrot,carrot,1,5.2,
bcbf,r2t1,0,2025,2,6/3/25,6/11/25,carrot,carrot,2,6.1,
bcbf,r2t1,0,2025,2,6/3/25,6/11/25,carrot,carrot,3,6.9,
bcbf,r2t7,3.6,2025,2,6/3/25,6/11/25,carrot,carrot,1,7,
bcbf,r2t7,3.6,2025,2,6/3/25,6/11/25,carrot,carrot,2,5.8,
bcbf,r2t7,3.6,2025,2,6/3/25,6/11/25,carrot,carrot,3,6.6,
bcbf,r2t9,1.8,2025,2,6/3/25,6/11/25,carrot,carrot,1,6.9,
bcbf,r2t9,1.8,2025,2,6/3/25,6/11/25,carrot,carrot,2,7.2,
bcbf,r2t9,1.8,2025,2,6/3/25,6/11/25,carrot,carrot,3,6.7,
bcbf,r3t2,1.8,2025,3,6/3/25,6/11/25,carrot,carrot,1,8.1,
bcbf,r3t2,1.8,2025,3,6/3/25,6/11/25,carrot,carrot,2,6.7,
bcbf,r3t2,1.8,2025,3,6/3/25,6/11/25,carrot,carrot,3,5.6,
bcbf,r3t5,0,2025,3,6/3/25,6/11/25,carrot,carrot,1,6.7,
bcbf,r3t5,0,2025,3,6/3/25,6/11/25,carrot,carrot,2,7.7,
bcbf,r3t5,0,2025,3,6/3/25,6/11/25,carrot,carrot,3,6.3,
bcbf,r3t9,3.6,2025,3,6/3/25,6/11/25,carrot,carrot,1,7,
bcbf,r3t9,3.6,2025,3,6/3/25,6/11/25,carrot,carrot,2,6.2,
bcbf,r3t9,3.6,2025,3,6/3/25,6/11/25,carrot,carrot,3,8.3,
bcbf,r4t3,1.8,2025,4,6/3/25,6/11/25,carrot,carrot,1,7.1,
bcbf,r4t3,1.8,2025,4,6/3/25,6/11/25,carrot,carrot,2,6.3,
bcbf,r4t3,1.8,2025,4,6/3/25,6/11/25,carrot,carrot,3,8,
bcbf,r4t6,3.6,2025,4,6/3/25,6/11/25,carrot,carrot,1,7,
bcbf,r4t6,3.6,2025,4,6/3/25,6/11/25,carrot,carrot,2,6.3,
bcbf,r4t6,3.6,2025,4,6/3/25,6/11/25,carrot,carrot,3,7.1,
bcbf,r4t9,0,2025,4,6/3/25,6/11/25,carrot,carrot,1,7.6,
bcbf,r4t9,0,2025,4,6/3/25,6/11/25,carrot,carrot,2,8.2,
bcbf,r4t9,0,2025,4,6/3/25,6/11/25,carrot,carrot,3,6.9,
paul,r1t2,3.6,2025,1,6/4/25,6/11/25,kale,kale,1,6.7,
paul,r1t2,3.6,2025,1,6/4/25,6/11/25,kale,kale,2,5.7,
paul,r1t2,3.6,2025,1,6/4/25,6/11/25,kale,kale,3,5.9,
paul,r1t5,1.8,2025,1,6/4/25,6/11/25,kale,kale,1,6.8,
paul,r1t5,1.8,2025,1,6/4/25,6/11/25,kale,kale,2,5.3,
paul,r1t5,1.8,2025,1,6/4/25,6/11/25,kale,kale,3,5.5,
paul,r1t9,0,2025,1,6/4/25,6/11/25,kale,kale,1,6.8,
paul,r1t9,0,2025,1,6/4/25,6/11/25,kale,kale,2,6.8,
paul,r1t9,0,2025,1,6/4/25,6/11/25,kale,kale,3,7,
paul,r2t3,1.8,2025,2,6/4/25,6/11/25,kale,kale,1,5.8,
paul,r2t3,1.8,2025,2,6/4/25,6/11/25,kale,kale,2,5.6,
paul,r2t3,1.8,2025,2,6/4/25,6/11/25,kale,kale,3,5.6,
paul,r2t5,3.6,2025,2,6/4/25,6/11/25,kale,kale,1,5.6,
paul,r2t5,3.6,2025,2,6/4/25,6/11/25,kale,kale,2,7.1,
paul,r2t5,3.6,2025,2,6/4/25,6/11/25,kale,kale,3,5.5,
paul,r2t8,0,2025,2,6/4/25,6/11/25,kale,kale,1,6.2,
paul,r2t8,0,2025,2,6/4/25,6/11/25,kale,kale,2,5.5,
paul,r2t8,0,2025,2,6/4/25,6/11/25,kale,kale,3,5,
paul,r3t1,3.6,2025,3,6/4/25,6/11/25,kale,kale,1,4.9,
paul,r3t1,3.6,2025,3,6/4/25,6/11/25,kale,kale,2,6,
paul,r3t1,3.6,2025,3,6/4/25,6/11/25,kale,kale,3,6,
paul,r3t4,1.8,2025,3,6/4/25,6/11/25,kale,kale,1,6.8,
paul,r3t4,1.8,2025,3,6/4/25,6/11/25,kale,kale,2,5.8,
paul,r3t4,1.8,2025,3,6/4/25,6/11/25,kale,kale,3,6.5,
paul,r3t7,0,2025,3,6/4/25,6/11/25,kale,kale,1,6,
paul,r3t7,0,2025,3,6/4/25,6/11/25,kale,kale,2,8,
paul,r3t7,0,2025,3,6/4/25,6/11/25,kale,kale,3,7.2,
paul,r4t2,0,2025,4,6/4/25,6/11/25,kale,kale,1,5.4,
paul,r4t2,0,2025,4,6/4/25,6/11/25,kale,kale,2,6.1,
paul,r4t2,0,2025,4,6/4/25,6/11/25,kale,kale,3,5.8,
paul,r4t4,3.6,2025,4,6/4/25,6/11/25,kale,kale,1,5.8,
paul,r4t4,3.6,2025,4,6/4/25,6/11/25,kale,kale,2,7.3,
paul,r4t4,3.6,2025,4,6/4/25,6/11/25,kale,kale,3,5.6,
paul,r4t7,1.8,2025,4,6/4/25,6/11/25,kale,kale,1,5.6,
paul,r4t7,1.8,2025,4,6/4/25,6/11/25,kale,kale,2,5.6,
paul,r4t7,1.8,2025,4,6/4/25,6/11/25,kale,kale,3,7.3,
paul,r1t4,1.8,2025,1,6/5/25,6/11/25,carrot,carrot,1,7.2,
paul,r1t4,1.8,2025,1,6/5/25,6/11/25,carrot,carrot,2,6,
paul,r1t4,1.8,2025,1,6/5/25,6/11/25,carrot,carrot,3,5.7,
paul,r1t7,0,2025,1,6/5/25,6/11/25,carrot,carrot,1,6.9,
paul,r1t7,0,2025,1,6/5/25,6/11/25,carrot,carrot,2,7.4,
paul,r1t7,0,2025,1,6/5/25,6/11/25,carrot,carrot,3,7.1,
paul,r1t8,3.6,2025,1,6/5/25,6/11/25,carrot,carrot,1,7.3,
paul,r1t8,3.6,2025,1,6/5/25,6/11/25,carrot,carrot,2,6.7,
paul,r1t8,3.6,2025,1,6/5/25,6/11/25,carrot,carrot,3,7.3,
paul,r2t1,0,2025,2,6/5/25,6/11/25,carrot,carrot,1,7.3,
paul,r2t1,0,2025,2,6/5/25,6/11/25,carrot,carrot,2,6,
paul,r2t1,0,2025,2,6/5/25,6/11/25,carrot,carrot,3,6.6,
paul,r2t7,3.6,2025,2,6/5/25,6/11/25,carrot,carrot,1,6,
paul,r2t7,3.6,2025,2,6/5/25,6/11/25,carrot,carrot,2,6.9,
paul,r2t7,3.6,2025,2,6/5/25,6/11/25,carrot,carrot,3,6.7,
paul,r2t9,1.8,2025,2,6/5/25,6/11/25,carrot,carrot,1,5.8,
paul,r2t9,1.8,2025,2,6/5/25,6/11/25,carrot,carrot,2,6.7,
paul,r2t9,1.8,2025,2,6/5/25,6/11/25,carrot,carrot,3,5.5,
paul,r3t2,1.8,2025,3,6/5/25,6/11/25,carrot,carrot,1,8,
paul,r3t2,1.8,2025,3,6/5/25,6/11/25,carrot,carrot,2,6.8,
paul,r3t2,1.8,2025,3,6/5/25,6/11/25,carrot,carrot,3,7.2,
paul,r3t5,0,2025,3,6/5/25,6/11/25,carrot,carrot,1,6.5,
paul,r3t5,0,2025,3,6/5/25,6/11/25,carrot,carrot,2,6.7,
paul,r3t5,0,2025,3,6/5/25,6/11/25,carrot,carrot,3,8.1,
paul,r3t9,3.6,2025,3,6/5/25,6/11/25,carrot,carrot,1,6.9,
paul,r3t9,3.6,2025,3,6/5/25,6/11/25,carrot,carrot,2,6.3,
paul,r3t9,3.6,2025,3,6/5/25,6/11/25,carrot,carrot,3,8.1,
paul,r4t3,1.8,2025,4,6/5/25,6/11/25,carrot,carrot,1,7.2,
paul,r4t3,1.8,2025,4,6/5/25,6/11/25,carrot,carrot,2,6.6,
paul,r4t3,1.8,2025,4,6/5/25,6/11/25,carrot,carrot,3,5.6,
paul,r4t6,3.6,2025,4,6/5/25,6/11/25,carrot,carrot,1,7,
paul,r4t6,3.6,2025,4,6/5/25,6/11/25,carrot,carrot,2,8.1,
paul,r4t6,3.6,2025,4,6/5/25,6/11/25,carrot,carrot,3,7.7,
paul,r4t9,0,2025,4,6/5/25,6/11/25,carrot,carrot,1,8.8,no mkt carrots
paul,r4t9,0,2025,4,6/5/25,6/11/25,carrot,carrot,2,7.2,no mkt carrots
paul,r4t9,0,2025,4,6/5/25,6/11/25,carrot,carrot,3,6.3,no mkt carrots
hort,r1t7,0,2024,1,,,carrot,carrot,1,9.4,
hort,r2t1,0,2024,2,,,carrot,carrot,1,10,
hort,r3t5,0,2024,3,,,carrot,carrot,1,9.4,
hort,r4t9,0,2024,4,,,carrot,carrot,1,9.3,
hort,r1t4,1.8,2024,1,,,carrot,carrot,1,6.8,
hort,r2t9,1.8,2024,2,,,carrot,carrot,1,7.2,
hort,r3t2,1.8,2024,3,,,carrot,carrot,1,8.2,
hort,r4t3,1.8,2024,4,,,carrot,carrot,1,8.3,
hort,r1t8,3.6,2024,1,,,carrot,carrot,1,8,
hort,r2t7,3.6,2024,2,,,carrot,carrot,1,8.7,
hort,r3t9,3.6,2024,3,,,carrot,carrot,1,8.7,
hort,r4t6,3.6,2024,4,,,carrot,carrot,1,8.5,
bcbf,r1t7,0,2024,1,,,carrot,carrot,1,5.5,
bcbf,r2t1,0,2024,2,,,carrot,carrot,1,5.2,
bcbf,r3t5,0,2024,3,,,carrot,carrot,1,8.7,
bcbf,r4t9,0,2024,4,,,carrot,carrot,1,8.9,
bcbf,r1t4,1.8,2024,1,,,carrot,carrot,1,8.2,
bcbf,r2t9,1.8,2024,2,,,carrot,carrot,1,9.2,
bcbf,r3t2,1.8,2024,3,,,carrot,carrot,1,10,
bcbf,r4t3,1.8,2024,4,,,carrot,carrot,1,9,
bcbf,r1t8,3.6,2024,1,,,carrot,carrot,1,8.3,
bcbf,r2t7,3.6,2024,2,,,carrot,carrot,1,9.7,
bcbf,r3t9,3.6,2024,3,,,carrot,carrot,1,10.4,
bcbf,r4t6,3.6,2024,4,,,carrot,carrot,1,10.1,
paul,r1t7,0,2024,1,,,carrot,carrot,1,7.9,
paul,r2t1,0,2024,2,,,carrot,carrot,1,7.7,
paul,r3t5,0,2024,3,,,carrot,carrot,1,8.2,
paul,r4t9,0,2024,4,,,carrot,carrot,1,8.1,
paul,r1t4,1.8,2024,1,,,carrot,carrot,1,6.9,
paul,r2t9,1.8,2024,2,,,carrot,carrot,1,7.5,
paul,r3t2,1.8,2024,3,,,carrot,carrot,1,7.5,
paul,r4t3,1.8,2024,4,,,carrot,carrot,1,8.1,
paul,r1t8,3.6,2024,1,,,carrot,carrot,1,7.7,
paul,r2t7,3.6,2024,2,,,carrot,carrot,1,7.8,
paul,r3t9,3.6,2024,3,,,carrot,carrot,1,8.7,
paul,r4t6,3.6,2024,4,,,carrot,carrot,1,8.7,
hort,r1t5,1.8,2024,1,,,kale,kale,1,5.5,
hort,r1t5,1.8,2024,1,,,kale,kale,2,7.2,
hort,r1t5,1.8,2024,1,,,kale,kale,3,7.6,
hort,r1t5,1.8,2024,1,,,kale,kale,4,6.3,
hort,r1t5,1.8,2024,1,,,kale,kale,5,7.7,
hort,r2t3,1.8,2024,2,,,kale,kale,1,7.5,
hort,r2t3,1.8,2024,2,,,kale,kale,2,7.2,
hort,r2t3,1.8,2024,2,,,kale,kale,3,7.5,
hort,r2t3,1.8,2024,2,,,kale,kale,4,7.4,
hort,r2t3,1.8,2024,2,,,kale,kale,5,6.5,
hort,r3t4,1.8,2024,3,,,kale,kale,1,7.4,
hort,r3t4,1.8,2024,3,,,kale,kale,2,7.6,
hort,r3t4,1.8,2024,3,,,kale,kale,3,7.2,
hort,r3t4,1.8,2024,3,,,kale,kale,4,7.6,
hort,r3t4,1.8,2024,3,,,kale,kale,5,8.4,
hort,r4t7,1.8,2024,4,,,kale,kale,1,9,
hort,r4t7,1.8,2024,4,,,kale,kale,2,8.5,
hort,r4t7,1.8,2024,4,,,kale,kale,3,9.6,
hort,r4t7,1.8,2024,4,,,kale,kale,4,8.8,
hort,r4t7,1.8,2024,4,,,kale,kale,5,8.5,
hort,r1t2,3.6,2024,1,,,kale,kale,1,5.1,
hort,r1t2,3.6,2024,1,,,kale,kale,2,6.7,
hort,r1t2,3.6,2024,1,,,kale,kale,3,8.2,
hort,r1t2,3.6,2024,1,,,kale,kale,4,6.5,
hort,r1t2,3.6,2024,1,,,kale,kale,5,6.7,
hort,r2t5,3.6,2024,2,,,kale,kale,1,7.5,
hort,r2t5,3.6,2024,2,,,kale,kale,2,8,
hort,r2t5,3.6,2024,2,,,kale,kale,3,8,
hort,r2t5,3.6,2024,2,,,kale,kale,4,7.2,
hort,r2t5,3.6,2024,2,,,kale,kale,5,8.1,
hort,r3t1,3.6,2024,3,,,kale,kale,1,5.8,
hort,r3t1,3.6,2024,3,,,kale,kale,2,7.3,
hort,r3t1,3.6,2024,3,,,kale,kale,3,6.5,
hort,r3t1,3.6,2024,3,,,kale,kale,4,7.7,
hort,r3t1,3.6,2024,3,,,kale,kale,5,7.4,
hort,r4t4,3.6,2024,4,,,kale,kale,1,6.1,
hort,r4t4,3.6,2024,4,,,kale,kale,2,8.8,
hort,r4t4,3.6,2024,4,,,kale,kale,3,10,
hort,r4t4,3.6,2024,4,,,kale,kale,4,8.5,
hort,r4t4,3.6,2024,4,,,kale,kale,5,3.7,
bcbf,r1t9,0,2024,1,,,kale,kale,1,10.2,
bcbf,r1t9,0,2024,1,,,kale,kale,2,2.9,
bcbf,r1t9,0,2024,1,,,kale,kale,3,10.8,
bcbf,r1t9,0,2024,1,,,kale,kale,4,4.1,
bcbf,r1t9,0,2024,1,,,kale,kale,5,1.3,
bcbf,r2t8,0,2024,2,,,kale,kale,1,6.6,
bcbf,r2t8,0,2024,2,,,kale,kale,2,6.2,
bcbf,r2t8,0,2024,2,,,kale,kale,3,7.2,
bcbf,r2t8,0,2024,2,,,kale,kale,4,5.4,
bcbf,r2t8,0,2024,2,,,kale,kale,5,7.5,
bcbf,r3t7,0,2024,3,,,kale,kale,1,5.5,
bcbf,r3t7,0,2024,3,,,kale,kale,2,5.8,
bcbf,r3t7,0,2024,3,,,kale,kale,3,7.2,
bcbf,r3t7,0,2024,3,,,kale,kale,4,6.4,
bcbf,r3t7,0,2024,3,,,kale,kale,5,7.3,
bcbf,r4t2,0,2024,4,,,kale,kale,1,5.3,
bcbf,r4t2,0,2024,4,,,kale,kale,2,6.3,
bcbf,r4t2,0,2024,4,,,kale,kale,3,4.7,
bcbf,r4t2,0,2024,4,,,kale,kale,4,5.7,
bcbf,r4t2,0,2024,4,,,kale,kale,5,6.5,
bcbf,r1t5,1.8,2024,1,,,kale,kale,1,3.6,
bcbf,r1t5,1.8,2024,1,,,kale,kale,2,4.6,
bcbf,r1t5,1.8,2024,1,,,kale,kale,3,6.4,
bcbf,r1t5,1.8,2024,1,,,kale,kale,4,6,
bcbf,r1t5,1.8,2024,1,,,kale,kale,5,5.6,
bcbf,r2t3,1.8,2024,2,,,kale,kale,1,4.4,
bcbf,r2t3,1.8,2024,2,,,kale,kale,2,7.3,
bcbf,r2t3,1.8,2024,2,,,kale,kale,3,6.6,
bcbf,r2t3,1.8,2024,2,,,kale,kale,4,7.4,
bcbf,r2t3,1.8,2024,2,,,kale,kale,5,5.1,
bcbf,r3t4,1.8,2024,3,,,kale,kale,1,3.8,
bcbf,r3t4,1.8,2024,3,,,kale,kale,2,5.3,
bcbf,r3t4,1.8,2024,3,,,kale,kale,3,7.4,
bcbf,r3t4,1.8,2024,3,,,kale,kale,4,7.5,
bcbf,r3t4,1.8,2024,3,,,kale,kale,5,6.2,
bcbf,r4t7,1.8,2024,4,,,kale,kale,1,3.8,
bcbf,r4t7,1.8,2024,4,,,kale,kale,2,6.7,
bcbf,r4t7,1.8,2024,4,,,kale,kale,3,6.9,
bcbf,r4t7,1.8,2024,4,,,kale,kale,4,5.6,
bcbf,r4t7,1.8,2024,4,,,kale,kale,5,7.4,
bcbf,r1t2,3.6,2024,1,,,kale,kale,1,4.6,
bcbf,r1t2,3.6,2024,1,,,kale,kale,2,5.2,
bcbf,r1t2,3.6,2024,1,,,kale,kale,3,5.2,
bcbf,r1t2,3.6,2024,1,,,kale,kale,4,7,
bcbf,r1t2,3.6,2024,1,,,kale,kale,5,5.8,
bcbf,r2t5,3.6,2024,2,,,kale,kale,1,4.4,
bcbf,r2t5,3.6,2024,2,,,kale,kale,2,7.3,
bcbf,r2t5,3.6,2024,2,,,kale,kale,3,4.4,
bcbf,r2t5,3.6,2024,2,,,kale,kale,4,6.2,
bcbf,r2t5,3.6,2024,2,,,kale,kale,5,5.5,
bcbf,r3t1,3.6,2024,3,,,kale,kale,1,5,
bcbf,r3t1,3.6,2024,3,,,kale,kale,2,5.4,
bcbf,r3t1,3.6,2024,3,,,kale,kale,3,5,
bcbf,r3t1,3.6,2024,3,,,kale,kale,4,6,
bcbf,r3t1,3.6,2024,3,,,kale,kale,5,5.1,
bcbf,r4t4,3.6,2024,4,,,kale,kale,1,3.3,
bcbf,r4t4,3.6,2024,4,,,kale,kale,2,1.3,
bcbf,r4t4,3.6,2024,4,,,kale,kale,3,7.9,
bcbf,r4t4,3.6,2024,4,,,kale,kale,4,8.3,
bcbf,r4t4,3.6,2024,4,,,kale,kale,5,9.2,
paul,r1t9,0,2024,1,,,kale,kale,1,4.9,
paul,r1t9,0,2024,1,,,kale,kale,2,1.8,
paul,r1t9,0,2024,1,,,kale,kale,3,4.5,
paul,r1t9,0,2024,1,,,kale,kale,4,5.1,
paul,r1t9,0,2024,1,,,kale,kale,5,2.9,
paul,r2t8,0,2024,2,,,kale,kale,1,6,
paul,r2t8,0,2024,2,,,kale,kale,2,10.9,
paul,r2t8,0,2024,2,,,kale,kale,3,8.9,
paul,r2t8,0,2024,2,,,kale,kale,4,5.3,
paul,r2t8,0,2024,2,,,kale,kale,5,4.7,
paul,r3t7,0,2024,3,,,kale,kale,1,2.7,
paul,r3t7,0,2024,3,,,kale,kale,2,2.7,
paul,r3t7,0,2024,3,,,kale,kale,3,5.3,
paul,r3t7,0,2024,3,,,kale,kale,4,4.6,
paul,r3t7,0,2024,3,,,kale,kale,5,2.5,
paul,r4t2,0,2024,4,,,kale,kale,1,3.8,
paul,r4t2,0,2024,4,,,kale,kale,2,4.3,
paul,r4t2,0,2024,4,,,kale,kale,3,3.9,
paul,r4t2,0,2024,4,,,kale,kale,4,5,
paul,r4t2,0,2024,4,,,kale,kale,5,3.5,
paul,r1t5,1.8,2024,1,,,kale,kale,1,4,
paul,r1t5,1.8,2024,1,,,kale,kale,2,3.5,
paul,r1t5,1.8,2024,1,,,kale,kale,3,4.1,
paul,r1t5,1.8,2024,1,,,kale,kale,4,5.9,
paul,r1t5,1.8,2024,1,,,kale,kale,5,4.6,
paul,r2t3,1.8,2024,2,,,kale,kale,1,1.9,
paul,r2t3,1.8,2024,2,,,kale,kale,2,4.3,
paul,r2t3,1.8,2024,2,,,kale,kale,3,5.2,
paul,r2t3,1.8,2024,2,,,kale,kale,4,5.7,
paul,r2t3,1.8,2024,2,,,kale,kale,5,3.8,
paul,r3t4,1.8,2024,3,,,kale,kale,1,4.1,
paul,r3t4,1.8,2024,3,,,kale,kale,2,4.2,
paul,r3t4,1.8,2024,3,,,kale,kale,3,5.2,
paul,r3t4,1.8,2024,3,,,kale,kale,4,5.9,
paul,r3t4,1.8,2024,3,,,kale,kale,5,5.3,
paul,r4t7,1.8,2024,4,,,kale,kale,1,3.3,
paul,r4t7,1.8,2024,4,,,kale,kale,2,4.7,
paul,r4t7,1.8,2024,4,,,kale,kale,3,5.6,
paul,r4t7,1.8,2024,4,,,kale,kale,4,5.6,
paul,r4t7,1.8,2024,4,,,kale,kale,5,5.8,
paul,r1t2,3.6,2024,1,,,kale,kale,1,4.2,
paul,r1t2,3.6,2024,1,,,kale,kale,2,4,
paul,r1t2,3.6,2024,1,,,kale,kale,3,5.6,
paul,r1t2,3.6,2024,1,,,kale,kale,4,4.7,
paul,r1t2,3.6,2024,1,,,kale,kale,5,5.5,
paul,r2t5,3.6,2024,2,,,kale,kale,1,4.4,
paul,r2t5,3.6,2024,2,,,kale,kale,2,3.6,
paul,r2t5,3.6,2024,2,,,kale,kale,3,6.4,
paul,r2t5,3.6,2024,2,,,kale,kale,4,5.4,
paul,r2t5,3.6,2024,2,,,kale,kale,5,6.6,
paul,r3t1,3.6,2024,3,,,kale,kale,1,3.7,
paul,r3t1,3.6,2024,3,,,kale,kale,2,4.4,
paul,r3t1,3.6,2024,3,,,kale,kale,3,4.9,
paul,r3t1,3.6,2024,3,,,kale,kale,4,5.3,
paul,r3t1,3.6,2024,3,,,kale,kale,5,4.5,
paul,r4t4,3.6,2024,4,,,kale,kale,1,2.7,
paul,r4t4,3.6,2024,4,,,kale,kale,2,4.2,
paul,r4t4,3.6,2024,4,,,kale,kale,3,4,
paul,r4t4,3.6,2024,4,,,kale,kale,4,5.3,
paul,r4t4,3.6,2024,4,,,kale,kale,5,5.5,
hort,r1t1,1.8,2024,1,10/28/2024,11/27/2024,clover,bean,1,4,
hort,r1t1,1.8,2024,1,10/28/2024,11/27/2024,clover,bean,2,3.9,
hort,r1t1,1.8,2024,1,10/28/2024,11/27/2024,clover,bean,3,4.4,
hort,r1t1,1.8,2024,1,10/28/2024,11/27/2024,clover,bean,4,4.1,
hort,r1t1,1.8,2024,1,10/28/2024,11/27/2024,clover,bean,5,4.6,
hort,r1t2,3.6,2024,1,10/28/2024,11/27/2024,kale,bean,1,3,
hort,r1t2,3.6,2024,1,10/28/2024,11/27/2024,kale,bean,2,3,
hort,r1t2,3.6,2024,1,10/28/2024,11/27/2024,kale,bean,3,3,
hort,r1t2,3.6,2024,1,10/28/2024,11/27/2024,kale,bean,4,2.2,
hort,r1t2,3.6,2024,1,10/28/2024,11/27/2024,kale,bean,5,2.9,
hort,r1t3,0,2024,1,10/28/2024,11/27/2024,clover,bean,1,2,
hort,r1t3,0,2024,1,10/28/2024,11/27/2024,clover,bean,2,2.4,
hort,r1t3,0,2024,1,10/28/2024,11/27/2024,clover,bean,3,3.7,
hort,r1t3,0,2024,1,10/28/2024,11/27/2024,clover,bean,4,3,
hort,r1t3,0,2024,1,10/28/2024,11/27/2024,clover,bean,5,4.1,
hort,r1t4,1.8,2024,1,10/28/2024,11/27/2024,carrot,bean,1,4.3,
hort,r1t4,1.8,2024,1,10/28/2024,11/27/2024,carrot,bean,2,4.2,
hort,r1t4,1.8,2024,1,10/28/2024,11/27/2024,carrot,bean,3,3.5,
hort,r1t4,1.8,2024,1,10/28/2024,11/27/2024,carrot,bean,4,2.6,
hort,r1t4,1.8,2024,1,10/28/2024,11/27/2024,carrot,bean,5,3.8,
hort,r1t5,1.8,2024,1,10/28/2024,11/27/2024,kale,bean,1,3,
hort,r1t5,1.8,2024,1,10/28/2024,11/27/2024,kale,bean,2,3,
hort,r1t5,1.8,2024,1,10/28/2024,11/27/2024,kale,bean,3,2.4,
hort,r1t5,1.8,2024,1,10/28/2024,11/27/2024,kale,bean,4,2.3,
hort,r1t5,1.8,2024,1,10/28/2024,11/27/2024,kale,bean,5,1.9,
hort,r1t6,3.6,2024,1,10/28/2024,11/27/2024,clover,bean,1,3.2,
hort,r1t6,3.6,2024,1,10/28/2024,11/27/2024,clover,bean,2,3.5,
hort,r1t6,3.6,2024,1,10/28/2024,11/27/2024,clover,bean,3,3.3,
hort,r1t6,3.6,2024,1,10/28/2024,11/27/2024,clover,bean,4,3.4,
hort,r1t6,3.6,2024,1,10/28/2024,11/27/2024,clover,bean,5,3.2,
hort,r1t7,0,2024,1,10/28/2024,11/27/2024,carrot,bean,1,2.9,
hort,r1t7,0,2024,1,10/28/2024,11/27/2024,carrot,bean,2,4.7,
hort,r1t7,0,2024,1,10/28/2024,11/27/2024,carrot,bean,3,4.2,
hort,r1t7,0,2024,1,10/28/2024,11/27/2024,carrot,bean,4,2.5,
hort,r1t7,0,2024,1,10/28/2024,11/27/2024,carrot,bean,5,4.5,
hort,r1t8,3.6,2024,1,10/28/2024,11/27/2024,carrot,bean,1,2.8,
hort,r1t8,3.6,2024,1,10/28/2024,11/27/2024,carrot,bean,2,3.8,
hort,r1t8,3.6,2024,1,10/28/2024,11/27/2024,carrot,bean,3,3.6,
hort,r1t8,3.6,2024,1,10/28/2024,11/27/2024,carrot,bean,4,4.2,
hort,r1t8,3.6,2024,1,10/28/2024,11/27/2024,carrot,bean,5,4.2,
hort,r1t9,0,2024,1,10/28/2024,11/27/2024,kale,bean,1,3.5,
hort,r1t9,0,2024,1,10/28/2024,11/27/2024,kale,bean,2,4,
hort,r1t9,0,2024,1,10/28/2024,11/27/2024,kale,bean,3,4.7,
hort,r1t9,0,2024,1,10/28/2024,11/27/2024,kale,bean,4,3.6,
hort,r1t9,0,2024,1,10/28/2024,11/27/2024,kale,bean,5,4.2,
hort,r2t1,0,2024,2,10/28/2024,11/27/2024,carrot,bean,1,3.3,
hort,r2t1,0,2024,2,10/28/2024,11/27/2024,carrot,bean,2,4.3,
hort,r2t1,0,2024,2,10/28/2024,11/27/2024,carrot,bean,3,3.3,
hort,r2t1,0,2024,2,10/28/2024,11/27/2024,carrot,bean,4,3,
hort,r2t1,0,2024,2,10/28/2024,11/27/2024,carrot,bean,5,3.3,
hort,r2t2,3.6,2024,2,10/28/2024,11/27/2024,clover,bean,1,3.9,
hort,r2t2,3.6,2024,2,10/28/2024,11/27/2024,clover,bean,2,3.1,
hort,r2t2,3.6,2024,2,10/28/2024,11/27/2024,clover,bean,3,3.7,
hort,r2t2,3.6,2024,2,10/28/2024,11/27/2024,clover,bean,4,3.5,
hort,r2t2,3.6,2024,2,10/28/2024,11/27/2024,clover,bean,5,3.6,
hort,r2t3,1.8,2024,2,10/28/2024,11/27/2024,kale,bean,1,3.1,
hort,r2t3,1.8,2024,2,10/28/2024,11/27/2024,kale,bean,2,3,
hort,r2t3,1.8,2024,2,10/28/2024,11/27/2024,kale,bean,3,3.1,
hort,r2t3,1.8,2024,2,10/28/2024,11/27/2024,kale,bean,4,3.2,
hort,r2t3,1.8,2024,2,10/28/2024,11/27/2024,kale,bean,5,2.6,
hort,r2t4,0,2024,2,10/28/2024,11/27/2024,clover,bean,1,2.8,
hort,r2t4,0,2024,2,10/28/2024,11/27/2024,clover,bean,2,4,
hort,r2t4,0,2024,2,10/28/2024,11/27/2024,clover,bean,3,3,
hort,r2t4,0,2024,2,10/28/2024,11/27/2024,clover,bean,4,3.3,
hort,r2t4,0,2024,2,10/28/2024,11/27/2024,clover,bean,5,3.7,
hort,r2t5,3.6,2024,2,10/28/2024,11/27/2024,kale,bean,1,2.8,
hort,r2t5,3.6,2024,2,10/28/2024,11/27/2024,kale,bean,2,3.2,
hort,r2t5,3.6,2024,2,10/28/2024,11/27/2024,kale,bean,3,3.3,
hort,r2t5,3.6,2024,2,10/28/2024,11/27/2024,kale,bean,4,3.7,
hort,r2t5,3.6,2024,2,10/28/2024,11/27/2024,kale,bean,5,3.4,
hort,r2t6,1.8,2024,2,10/28/2024,11/27/2024,clover,bean,1,3,
hort,r2t6,1.8,2024,2,10/28/2024,11/27/2024,clover,bean,2,3.2,
hort,r2t6,1.8,2024,2,10/28/2024,11/27/2024,clover,bean,3,2,
hort,r2t6,1.8,2024,2,10/28/2024,11/27/2024,clover,bean,4,3.3,
hort,r2t6,1.8,2024,2,10/28/2024,11/27/2024,clover,bean,5,2.5,
hort,r2t7,3.6,2024,2,10/28/2024,11/27/2024,carrot,bean,1,3.4,
hort,r2t7,3.6,2024,2,10/28/2024,11/27/2024,carrot,bean,2,2.5,
hort,r2t7,3.6,2024,2,10/28/2024,11/27/2024,carrot,bean,3,3.2,
hort,r2t7,3.6,2024,2,10/28/2024,11/27/2024,carrot,bean,4,3.7,
hort,r2t7,3.6,2024,2,10/28/2024,11/27/2024,carrot,bean,5,3.2,
hort,r2t8,0,2024,2,10/28/2024,11/27/2024,kale,bean,1,4.5,
hort,r2t8,0,2024,2,10/28/2024,11/27/2024,kale,bean,2,4.2,
hort,r2t8,0,2024,2,10/28/2024,11/27/2024,kale,bean,3,5.1,
hort,r2t8,0,2024,2,10/28/2024,11/27/2024,kale,bean,4,4.1,
hort,r2t8,0,2024,2,10/28/2024,11/27/2024,kale,bean,5,3,
hort,r2t9,1.8,2024,2,10/28/2024,11/27/2024,carrot,bean,1,3.3,
hort,r2t9,1.8,2024,2,10/28/2024,11/27/2024,carrot,bean,2,5,
hort,r2t9,1.8,2024,2,10/28/2024,11/27/2024,carrot,bean,3,3.4,
hort,r2t9,1.8,2024,2,10/28/2024,11/27/2024,carrot,bean,4,4.2,
hort,r2t9,1.8,2024,2,10/28/2024,11/27/2024,carrot,bean,5,3.9,
hort,r3t1,3.6,2024,3,10/28/2024,11/27/2024,kale,bean,1,3.1,
hort,r3t1,3.6,2024,3,10/28/2024,11/27/2024,kale,bean,2,3.9,
hort,r3t1,3.6,2024,3,10/28/2024,11/27/2024,kale,bean,3,2.4,
hort,r3t1,3.6,2024,3,10/28/2024,11/27/2024,kale,bean,4,3.6,
hort,r3t1,3.6,2024,3,10/28/2024,11/27/2024,kale,bean,5,3.9,
hort,r3t2,1.8,2024,3,10/28/2024,11/27/2024,carrot,bean,1,2.5,
hort,r3t2,1.8,2024,3,10/28/2024,11/27/2024,carrot,bean,2,2.3,
hort,r3t2,1.8,2024,3,10/28/2024,11/27/2024,carrot,bean,3,3.7,
hort,r3t2,1.8,2024,3,10/28/2024,11/27/2024,carrot,bean,4,3.6,
hort,r3t2,1.8,2024,3,10/28/2024,11/27/2024,carrot,bean,5,4.2,
hort,r3t3,0,2024,3,10/28/2024,11/27/2024,clover,bean,1,1.7,
hort,r3t3,0,2024,3,10/28/2024,11/27/2024,clover,bean,2,1,
hort,r3t3,0,2024,3,10/28/2024,11/27/2024,clover,bean,3,4.3,
hort,r3t3,0,2024,3,10/28/2024,11/27/2024,clover,bean,4,3.8,
hort,r3t3,0,2024,3,10/28/2024,11/27/2024,clover,bean,5,2.4,
hort,r3t4,1.8,2024,3,10/28/2024,11/27/2024,kale,bean,1,4.8,
hort,r3t4,1.8,2024,3,10/28/2024,11/27/2024,kale,bean,2,2,
hort,r3t4,1.8,2024,3,10/28/2024,11/27/2024,kale,bean,3,2.7,
hort,r3t4,1.8,2024,3,10/28/2024,11/27/2024,kale,bean,4,2.2,
hort,r3t4,1.8,2024,3,10/28/2024,11/27/2024,kale,bean,5,3.1,
hort,r3t5,0,2024,3,10/28/2024,11/27/2024,carrot,bean,1,3.5,
hort,r3t5,0,2024,3,10/28/2024,11/27/2024,carrot,bean,2,4.6,
hort,r3t5,0,2024,3,10/28/2024,11/27/2024,carrot,bean,3,3.3,
hort,r3t5,0,2024,3,10/28/2024,11/27/2024,carrot,bean,4,2.4,
hort,r3t5,0,2024,3,10/28/2024,11/27/2024,carrot,bean,5,3.9,
hort,r3t6,3.6,2024,3,10/28/2024,11/27/2024,clover,bean,1,,
hort,r3t6,3.6,2024,3,10/28/2024,11/27/2024,clover,bean,2,,
hort,r3t6,3.6,2024,3,10/28/2024,11/27/2024,clover,bean,3,,
hort,r3t6,3.6,2024,3,10/28/2024,11/27/2024,clover,bean,4,,
hort,r3t6,3.6,2024,3,10/28/2024,11/27/2024,clover,bean,5,,
hort,r3t7,0,2024,3,10/28/2024,11/27/2024,kale,bean,1,3.3,
hort,r3t7,0,2024,3,10/28/2024,11/27/2024,kale,bean,2,2.5,
hort,r3t7,0,2024,3,10/28/2024,11/27/2024,kale,bean,3,3.1,
hort,r3t7,0,2024,3,10/28/2024,11/27/2024,kale,bean,4,2.3,
hort,r3t7,0,2024,3,10/28/2024,11/27/2024,kale,bean,5,3.5,
hort,r3t8,1.8,2024,3,10/28/2024,11/27/2024,clover,bean,1,3.1,
hort,r3t8,1.8,2024,3,10/28/2024,11/27/2024,clover,bean,2,2.3,
hort,r3t8,1.8,2024,3,10/28/2024,11/27/2024,clover,bean,3,3.3,
hort,r3t8,1.8,2024,3,10/28/2024,11/27/2024,clover,bean,4,3.4,
hort,r3t8,1.8,2024,3,10/28/2024,11/27/2024,clover,bean,5,2.2,
hort,r3t9,3.6,2024,3,10/28/2024,11/27/2024,carrot,bean,1,2,
hort,r3t9,3.6,2024,3,10/28/2024,11/27/2024,carrot,bean,2,2.3,
hort,r3t9,3.6,2024,3,10/28/2024,11/27/2024,carrot,bean,3,2.6,
hort,r3t9,3.6,2024,3,10/28/2024,11/27/2024,carrot,bean,4,3.4,
hort,r3t9,3.6,2024,3,10/28/2024,11/27/2024,carrot,bean,5,2.4,
hort,r4t1,1.8,2024,4,10/28/2024,11/27/2024,clover,bean,1,3.4,
hort,r4t1,1.8,2024,4,10/28/2024,11/27/2024,clover,bean,2,1.6,
hort,r4t1,1.8,2024,4,10/28/2024,11/27/2024,clover,bean,3,3.5,
hort,r4t1,1.8,2024,4,10/28/2024,11/27/2024,clover,bean,4,2.3,
hort,r4t1,1.8,2024,4,10/28/2024,11/27/2024,clover,bean,5,3,
hort,r4t2,0,2024,4,10/28/2024,11/27/2024,kale,bean,1,3.5,
hort,r4t2,0,2024,4,10/28/2024,11/27/2024,kale,bean,2,4.1,
hort,r4t2,0,2024,4,10/28/2024,11/27/2024,kale,bean,3,3.6,
hort,r4t2,0,2024,4,10/28/2024,11/27/2024,kale,bean,4,2.2,
hort,r4t2,0,2024,4,10/28/2024,11/27/2024,kale,bean,5,2.3,
hort,r4t3,1.8,2024,4,10/28/2024,11/27/2024,carrot,bean,1,2.3,
hort,r4t3,1.8,2024,4,10/28/2024,11/27/2024,carrot,bean,2,2.9,
hort,r4t3,1.8,2024,4,10/28/2024,11/27/2024,carrot,bean,3,2,
hort,r4t3,1.8,2024,4,10/28/2024,11/27/2024,carrot,bean,4,2.3,
hort,r4t3,1.8,2024,4,10/28/2024,11/27/2024,carrot,bean,5,4,
hort,r4t4,3.6,2024,4,10/28/2024,11/27/2024,kale,bean,1,2.3,
hort,r4t4,3.6,2024,4,10/28/2024,11/27/2024,kale,bean,2,3.9,
hort,r4t4,3.6,2024,4,10/28/2024,11/27/2024,kale,bean,3,3.4,
hort,r4t4,3.6,2024,4,10/28/2024,11/27/2024,kale,bean,4,3,
hort,r4t4,3.6,2024,4,10/28/2024,11/27/2024,kale,bean,5,3.7,
hort,r4t5,0,2024,4,10/28/2024,11/27/2024,clover,bean,1,2.1,
hort,r4t5,0,2024,4,10/28/2024,11/27/2024,clover,bean,2,2.7,
hort,r4t5,0,2024,4,10/28/2024,11/27/2024,clover,bean,3,2.6,
hort,r4t5,0,2024,4,10/28/2024,11/27/2024,clover,bean,4,2.3,
hort,r4t5,0,2024,4,10/28/2024,11/27/2024,clover,bean,5,3.8,
hort,r4t6,3.6,2024,4,10/28/2024,11/27/2024,carrot,bean,1,2.7,
hort,r4t6,3.6,2024,4,10/28/2024,11/27/2024,carrot,bean,2,2.6,
hort,r4t6,3.6,2024,4,10/28/2024,11/27/2024,carrot,bean,3,2.2,
hort,r4t6,3.6,2024,4,10/28/2024,11/27/2024,carrot,bean,4,4.3,
hort,r4t6,3.6,2024,4,10/28/2024,11/27/2024,carrot,bean,5,2.5,
hort,r4t7,1.8,2024,4,10/28/2024,11/27/2024,kale,bean,1,2.4,
hort,r4t7,1.8,2024,4,10/28/2024,11/27/2024,kale,bean,2,1.7,
hort,r4t7,1.8,2024,4,10/28/2024,11/27/2024,kale,bean,3,1.9,
hort,r4t7,1.8,2024,4,10/28/2024,11/27/2024,kale,bean,4,2.7,
hort,r4t7,1.8,2024,4,10/28/2024,11/27/2024,kale,bean,5,1.8,
hort,r4t8,3.6,2024,4,10/28/2024,11/27/2024,clover,bean,1,3.3,
hort,r4t8,3.6,2024,4,10/28/2024,11/27/2024,clover,bean,2,4.2,
hort,r4t8,3.6,2024,4,10/28/2024,11/27/2024,clover,bean,3,3.4,
hort,r4t8,3.6,2024,4,10/28/2024,11/27/2024,clover,bean,4,2.9,
hort,r4t8,3.6,2024,4,10/28/2024,11/27/2024,clover,bean,5,3.1,
hort,r4t9,0,2024,4,10/28/2024,11/27/2024,carrot,bean,1,2.5,
hort,r4t9,0,2024,4,10/28/2024,11/27/2024,carrot,bean,2,3.5,
hort,r4t9,0,2024,4,10/28/2024,11/27/2024,carrot,bean,3,3.6,
hort,r4t9,0,2024,4,10/28/2024,11/27/2024,carrot,bean,4,3.7,
hort,r4t9,0,2024,4,10/28/2024,11/27/2024,carrot,bean,5,3.7,
bcbf,r1t1,1.8,2024,1,,,clover,bean,1,3.5,
bcbf,r1t1,1.8,2024,1,,,clover,bean,2,2.9,
bcbf,r1t1,1.8,2024,1,,,clover,bean,3,2.6,
bcbf,r1t1,1.8,2024,1,,,clover,bean,4,2.1,
bcbf,r1t1,1.8,2024,1,,,clover,bean,5,3.6,
bcbf,r1t2,3.6,2024,1,,,kale,bean,1,2.9,
bcbf,r1t2,3.6,2024,1,,,kale,bean,2,3.3,
bcbf,r1t2,3.6,2024,1,,,kale,bean,3,3.3,
bcbf,r1t2,3.6,2024,1,,,kale,bean,4,3.1,
bcbf,r1t2,3.6,2024,1,,,kale,bean,5,3.6,
bcbf,r1t3,0,2024,1,,,clover,bean,1,2.9,
bcbf,r1t3,0,2024,1,,,clover,bean,2,2.9,
bcbf,r1t3,0,2024,1,,,clover,bean,3,2.6,
bcbf,r1t3,0,2024,1,,,clover,bean,4,2.6,
bcbf,r1t3,0,2024,1,,,clover,bean,5,2.5,
bcbf,r1t4,1.8,2024,1,,,carrot,bean,1,2.2,
bcbf,r1t4,1.8,2024,1,,,carrot,bean,2,3.1,
bcbf,r1t4,1.8,2024,1,,,carrot,bean,3,3.7,
bcbf,r1t4,1.8,2024,1,,,carrot,bean,4,2.6,
bcbf,r1t4,1.8,2024,1,,,carrot,bean,5,2.2,
bcbf,r1t5,1.8,2024,1,,,kale,bean,1,1.9,
bcbf,r1t5,1.8,2024,1,,,kale,bean,2,2.4,
bcbf,r1t5,1.8,2024,1,,,kale,bean,3,1.7,
bcbf,r1t5,1.8,2024,1,,,kale,bean,4,2.4,
bcbf,r1t5,1.8,2024,1,,,kale,bean,5,2.9,
bcbf,r1t6,3.6,2024,1,,,clover,bean,1,,
bcbf,r1t6,3.6,2024,1,,,clover,bean,2,,
bcbf,r1t6,3.6,2024,1,,,clover,bean,3,,
bcbf,r1t6,3.6,2024,1,,,clover,bean,4,,
bcbf,r1t6,3.6,2024,1,,,clover,bean,5,,
bcbf,r1t7,0,2024,1,,,carrot,bean,1,2,
bcbf,r1t7,0,2024,1,,,carrot,bean,2,1.8,
bcbf,r1t7,0,2024,1,,,carrot,bean,3,2,
bcbf,r1t7,0,2024,1,,,carrot,bean,4,2.1,
bcbf,r1t7,0,2024,1,,,carrot,bean,5,2.2,
bcbf,r1t8,3.6,2024,1,,,carrot,bean,1,3.7,
bcbf,r1t8,3.6,2024,1,,,carrot,bean,2,3.6,
bcbf,r1t8,3.6,2024,1,,,carrot,bean,3,2.1,
bcbf,r1t8,3.6,2024,1,,,carrot,bean,4,2.7,
bcbf,r1t8,3.6,2024,1,,,carrot,bean,5,2.3,
bcbf,r1t9,0,2024,1,,,kale,bean,1,2.5,
bcbf,r1t9,0,2024,1,,,kale,bean,2,2.1,
bcbf,r1t9,0,2024,1,,,kale,bean,3,2.4,
bcbf,r1t9,0,2024,1,,,kale,bean,4,2.8,
bcbf,r1t9,0,2024,1,,,kale,bean,5,2.6,
bcbf,r2t1,0,2024,2,,,carrot,bean,1,1.9,
bcbf,r2t1,0,2024,2,,,carrot,bean,2,2.3,
bcbf,r2t1,0,2024,2,,,carrot,bean,3,2.4,
bcbf,r2t1,0,2024,2,,,carrot,bean,4,2.9,
bcbf,r2t1,0,2024,2,,,carrot,bean,5,3,
bcbf,r2t2,3.6,2024,2,,,clover,bean,1,2.1,
bcbf,r2t2,3.6,2024,2,,,clover,bean,2,2.5,
bcbf,r2t2,3.6,2024,2,,,clover,bean,3,2.1,
bcbf,r2t2,3.6,2024,2,,,clover,bean,4,2.5,
bcbf,r2t2,3.6,2024,2,,,clover,bean,5,3,
bcbf,r2t3,1.8,2024,2,,,kale,bean,1,3,
bcbf,r2t3,1.8,2024,2,,,kale,bean,2,2.8,
bcbf,r2t3,1.8,2024,2,,,kale,bean,3,2.5,
bcbf,r2t3,1.8,2024,2,,,kale,bean,4,2.8,
bcbf,r2t3,1.8,2024,2,,,kale,bean,5,3,
bcbf,r2t4,0,2024,2,,,clover,bean,1,1.7,
bcbf,r2t4,0,2024,2,,,clover,bean,2,2.3,
bcbf,r2t4,0,2024,2,,,clover,bean,3,2,
bcbf,r2t4,0,2024,2,,,clover,bean,4,1.9,
bcbf,r2t4,0,2024,2,,,clover,bean,5,1.8,
bcbf,r2t5,3.6,2024,2,,,kale,bean,1,2.1,
bcbf,r2t5,3.6,2024,2,,,kale,bean,2,2.7,
bcbf,r2t5,3.6,2024,2,,,kale,bean,3,2.7,
bcbf,r2t5,3.6,2024,2,,,kale,bean,4,2.9,
bcbf,r2t5,3.6,2024,2,,,kale,bean,5,2.9,
bcbf,r2t6,1.8,2024,2,,,clover,bean,1,2.3,
bcbf,r2t6,1.8,2024,2,,,clover,bean,2,2.9,
bcbf,r2t6,1.8,2024,2,,,clover,bean,3,2.2,
bcbf,r2t6,1.8,2024,2,,,clover,bean,4,1.3,
bcbf,r2t6,1.8,2024,2,,,clover,bean,5,1.4,
bcbf,r2t7,3.6,2024,2,,,carrot,bean,1,2.5,
bcbf,r2t7,3.6,2024,2,,,carrot,bean,2,2.4,
bcbf,r2t7,3.6,2024,2,,,carrot,bean,3,,
bcbf,r2t7,3.6,2024,2,,,carrot,bean,4,,
bcbf,r2t7,3.6,2024,2,,,carrot,bean,5,,
bcbf,r2t8,0,2024,2,,,kale,bean,1,2.2,
bcbf,r2t8,0,2024,2,,,kale,bean,2,2.6,
bcbf,r2t8,0,2024,2,,,kale,bean,3,2.8,
bcbf,r2t8,0,2024,2,,,kale,bean,4,3,
bcbf,r2t8,0,2024,2,,,kale,bean,5,2.9,
bcbf,r2t9,1.8,2024,2,,,carrot,bean,1,2.7,
bcbf,r2t9,1.8,2024,2,,,carrot,bean,2,2.3,
bcbf,r2t9,1.8,2024,2,,,carrot,bean,3,2,
bcbf,r2t9,1.8,2024,2,,,carrot,bean,4,2.3,
bcbf,r2t9,1.8,2024,2,,,carrot,bean,5,2.2,
bcbf,r3t1,3.6,2024,3,,,kale,bean,1,2.6,
bcbf,r3t1,3.6,2024,3,,,kale,bean,2,2.9,
bcbf,r3t1,3.6,2024,3,,,kale,bean,3,3.1,
bcbf,r3t1,3.6,2024,3,,,kale,bean,4,3.2,
bcbf,r3t1,3.6,2024,3,,,kale,bean,5,3.2,
bcbf,r3t2,1.8,2024,3,,,carrot,bean,1,2.4,
bcbf,r3t2,1.8,2024,3,,,carrot,bean,2,2.9,
bcbf,r3t2,1.8,2024,3,,,carrot,bean,3,3.2,
bcbf,r3t2,1.8,2024,3,,,carrot,bean,4,2.9,
bcbf,r3t2,1.8,2024,3,,,carrot,bean,5,3.1,
bcbf,r3t3,0,2024,3,,,clover,bean,1,3.7,
bcbf,r3t3,0,2024,3,,,clover,bean,2,3.2,
bcbf,r3t3,0,2024,3,,,clover,bean,3,2.1,
bcbf,r3t3,0,2024,3,,,clover,bean,4,3,
bcbf,r3t3,0,2024,3,,,clover,bean,5,3.3,
bcbf,r3t4,1.8,2024,3,,,kale,bean,1,2.9,
bcbf,r3t4,1.8,2024,3,,,kale,bean,2,3,
bcbf,r3t4,1.8,2024,3,,,kale,bean,3,2.9,
bcbf,r3t4,1.8,2024,3,,,kale,bean,4,3,
bcbf,r3t4,1.8,2024,3,,,kale,bean,5,3.1,
bcbf,r3t5,0,2024,3,,,carrot,bean,1,3.6,
bcbf,r3t5,0,2024,3,,,carrot,bean,2,2.7,
bcbf,r3t5,0,2024,3,,,carrot,bean,3,2.7,
bcbf,r3t5,0,2024,3,,,carrot,bean,4,3.6,
bcbf,r3t5,0,2024,3,,,carrot,bean,5,3.2,
bcbf,r3t6,3.6,2024,3,,,clover,bean,1,3.3,
bcbf,r3t6,3.6,2024,3,,,clover,bean,2,3,
bcbf,r3t6,3.6,2024,3,,,clover,bean,3,3.1,
bcbf,r3t6,3.6,2024,3,,,clover,bean,4,3.1,
bcbf,r3t6,3.6,2024,3,,,clover,bean,5,3.1,
bcbf,r3t7,0,2024,3,,,kale,bean,1,2.3,
bcbf,r3t7,0,2024,3,,,kale,bean,2,2.9,
bcbf,r3t7,0,2024,3,,,kale,bean,3,1.8,
bcbf,r3t7,0,2024,3,,,kale,bean,4,1,
bcbf,r3t7,0,2024,3,,,kale,bean,5,2.1,
bcbf,r3t8,1.8,2024,3,,,clover,bean,1,,
bcbf,r3t8,1.8,2024,3,,,clover,bean,2,,
bcbf,r3t8,1.8,2024,3,,,clover,bean,3,,
bcbf,r3t8,1.8,2024,3,,,clover,bean,4,,
bcbf,r3t8,1.8,2024,3,,,clover,bean,5,,
bcbf,r3t9,3.6,2024,3,,,carrot,bean,1,,
bcbf,r3t9,3.6,2024,3,,,carrot,bean,2,,
bcbf,r3t9,3.6,2024,3,,,carrot,bean,3,,
bcbf,r3t9,3.6,2024,3,,,carrot,bean,4,,
bcbf,r3t9,3.6,2024,3,,,carrot,bean,5,,
bcbf,r4t1,1.8,2024,4,,,clover,bean,1,3.5,
bcbf,r4t1,1.8,2024,4,,,clover,bean,2,2.3,
bcbf,r4t1,1.8,2024,4,,,clover,bean,3,2.9,
bcbf,r4t1,1.8,2024,4,,,clover,bean,4,2.3,
bcbf,r4t1,1.8,2024,4,,,clover,bean,5,3.6,
bcbf,r4t2,0,2024,4,,,kale,bean,1,2.8,
bcbf,r4t2,0,2024,4,,,kale,bean,2,1.2,
bcbf,r4t2,0,2024,4,,,kale,bean,3,1.4,
bcbf,r4t2,0,2024,4,,,kale,bean,4,2.3,
bcbf,r4t2,0,2024,4,,,kale,bean,5,2.4,
bcbf,r4t3,1.8,2024,4,,,carrot,bean,1,2.3,
bcbf,r4t3,1.8,2024,4,,,carrot,bean,2,2.1,
bcbf,r4t3,1.8,2024,4,,,carrot,bean,3,3.7,
bcbf,r4t3,1.8,2024,4,,,carrot,bean,4,3.7,
bcbf,r4t3,1.8,2024,4,,,carrot,bean,5,3.1,
bcbf,r4t4,3.6,2024,4,,,kale,bean,1,2.2,
bcbf,r4t4,3.6,2024,4,,,kale,bean,2,3.2,
bcbf,r4t4,3.6,2024,4,,,kale,bean,3,2.8,
bcbf,r4t4,3.6,2024,4,,,kale,bean,4,2.7,
bcbf,r4t4,3.6,2024,4,,,kale,bean,5,2.7,
bcbf,r4t5,0,2024,4,,,clover,bean,1,2.8,
bcbf,r4t5,0,2024,4,,,clover,bean,2,2.4,
bcbf,r4t5,0,2024,4,,,clover,bean,3,2.8,
bcbf,r4t5,0,2024,4,,,clover,bean,4,3.1,
bcbf,r4t5,0,2024,4,,,clover,bean,5,2.9,
bcbf,r4t6,3.6,2024,4,,,carrot,bean,1,2.3,
bcbf,r4t6,3.6,2024,4,,,carrot,bean,2,2.1,
bcbf,r4t6,3.6,2024,4,,,carrot,bean,3,2.4,
bcbf,r4t6,3.6,2024,4,,,carrot,bean,4,2.3,
bcbf,r4t6,3.6,2024,4,,,carrot,bean,5,3,
bcbf,r4t7,1.8,2024,4,,,kale,bean,1,2.5,
bcbf,r4t7,1.8,2024,4,,,kale,bean,2,2.4,
bcbf,r4t7,1.8,2024,4,,,kale,bean,3,2.3,
bcbf,r4t7,1.8,2024,4,,,kale,bean,4,2.9,
bcbf,r4t7,1.8,2024,4,,,kale,bean,5,2.4,
bcbf,r4t8,3.6,2024,4,,,clover,bean,1,2.9,
bcbf,r4t8,3.6,2024,4,,,clover,bean,2,3.1,
bcbf,r4t8,3.6,2024,4,,,clover,bean,3,2.9,
bcbf,r4t8,3.6,2024,4,,,clover,bean,4,3.1,
bcbf,r4t8,3.6,2024,4,,,clover,bean,5,3.2,
bcbf,r4t9,0,2024,4,,,carrot,bean,1,2.5,
bcbf,r4t9,0,2024,4,,,carrot,bean,2,2.8,
bcbf,r4t9,0,2024,4,,,carrot,bean,3,2.5,
bcbf,r4t9,0,2024,4,,,carrot,bean,4,2.4,
bcbf,r4t9,0,2024,4,,,carrot,bean,5,1.4,
paul,r1t1,1.8,2024,1,,,clover,bean,1,4.7,
paul,r1t1,1.8,2024,1,,,clover,bean,2,3.9,
paul,r1t1,1.8,2024,1,,,clover,bean,3,4.5,
paul,r1t1,1.8,2024,1,,,clover,bean,4,4.8,
paul,r1t1,1.8,2024,1,,,clover,bean,5,4.1,
paul,r1t2,3.6,2024,1,,,kale,bean,1,,
paul,r1t2,3.6,2024,1,,,kale,bean,2,,
paul,r1t2,3.6,2024,1,,,kale,bean,3,,
paul,r1t2,3.6,2024,1,,,kale,bean,4,,
paul,r1t2,3.6,2024,1,,,kale,bean,5,,
paul,r1t3,0,2024,1,,,clover,bean,1,1.8,
paul,r1t3,0,2024,1,,,clover,bean,2,2.3,
paul,r1t3,0,2024,1,,,clover,bean,3,2.4,
paul,r1t3,0,2024,1,,,clover,bean,4,2.3,
paul,r1t3,0,2024,1,,,clover,bean,5,2,
paul,r1t4,1.8,2024,1,,,carrot,bean,1,1.5,
paul,r1t4,1.8,2024,1,,,carrot,bean,2,3.2,
paul,r1t4,1.8,2024,1,,,carrot,bean,3,4,
paul,r1t4,1.8,2024,1,,,carrot,bean,4,3.1,
paul,r1t4,1.8,2024,1,,,carrot,bean,5,3.6,
paul,r1t5,1.8,2024,1,,,kale,bean,1,4.4,
paul,r1t5,1.8,2024,1,,,kale,bean,2,2,
paul,r1t5,1.8,2024,1,,,kale,bean,3,3.3,
paul,r1t5,1.8,2024,1,,,kale,bean,4,3.3,
paul,r1t5,1.8,2024,1,,,kale,bean,5,3.8,
paul,r1t6,3.6,2024,1,,,clover,bean,1,3.5,
paul,r1t6,3.6,2024,1,,,clover,bean,2,3.5,
paul,r1t6,3.6,2024,1,,,clover,bean,3,4.1,
paul,r1t6,3.6,2024,1,,,clover,bean,4,4.1,
paul,r1t6,3.6,2024,1,,,clover,bean,5,3.2,
paul,r1t7,0,2024,1,,,carrot,bean,1,3.3,
paul,r1t7,0,2024,1,,,carrot,bean,2,3.8,
paul,r1t7,0,2024,1,,,carrot,bean,3,4.8,
paul,r1t7,0,2024,1,,,carrot,bean,4,4.3,
paul,r1t7,0,2024,1,,,carrot,bean,5,3.7,
paul,r1t8,3.6,2024,1,,,carrot,bean,1,2.8,
paul,r1t8,3.6,2024,1,,,carrot,bean,2,3.8,
paul,r1t8,3.6,2024,1,,,carrot,bean,3,3.3,
paul,r1t8,3.6,2024,1,,,carrot,bean,4,3.8,
paul,r1t8,3.6,2024,1,,,carrot,bean,5,4.5,
paul,r1t9,0,2024,1,,,kale,bean,1,4,
paul,r1t9,0,2024,1,,,kale,bean,2,4.9,
paul,r1t9,0,2024,1,,,kale,bean,3,4.4,
paul,r1t9,0,2024,1,,,kale,bean,4,4.7,
paul,r1t9,0,2024,1,,,kale,bean,5,4.6,
paul,r2t1,0,2024,2,,,carrot,bean,1,4.3,
paul,r2t1,0,2024,2,,,carrot,bean,2,2,
paul,r2t1,0,2024,2,,,carrot,bean,3,2,
paul,r2t1,0,2024,2,,,carrot,bean,4,1.1,
paul,r2t1,0,2024,2,,,carrot,bean,5,1.7,
paul,r2t2,3.6,2024,2,,,clover,bean,1,3.2,
paul,r2t2,3.6,2024,2,,,clover,bean,2,4.2,
paul,r2t2,3.6,2024,2,,,clover,bean,3,3.7,
paul,r2t2,3.6,2024,2,,,clover,bean,4,2.7,
paul,r2t2,3.6,2024,2,,,clover,bean,5,3.6,
paul,r2t3,1.8,2024,2,,,kale,bean,1,2.5,
paul,r2t3,1.8,2024,2,,,kale,bean,2,2.5,
paul,r2t3,1.8,2024,2,,,kale,bean,3,2.9,
paul,r2t3,1.8,2024,2,,,kale,bean,4,3.6,
paul,r2t3,1.8,2024,2,,,kale,bean,5,2.9,
paul,r2t4,0,2024,2,,,clover,bean,1,1.8,
paul,r2t4,0,2024,2,,,clover,bean,2,1.8,
paul,r2t4,0,2024,2,,,clover,bean,3,2.7,
paul,r2t4,0,2024,2,,,clover,bean,4,3.3,
paul,r2t4,0,2024,2,,,clover,bean,5,2.2,
paul,r2t5,3.6,2024,2,,,kale,bean,1,3.5,
paul,r2t5,3.6,2024,2,,,kale,bean,2,2.8,
paul,r2t5,3.6,2024,2,,,kale,bean,3,3.3,
paul,r2t5,3.6,2024,2,,,kale,bean,4,4,
paul,r2t5,3.6,2024,2,,,kale,bean,5,4.3,
paul,r2t6,1.8,2024,2,,,clover,bean,1,2.9,
paul,r2t6,1.8,2024,2,,,clover,bean,2,3.4,
paul,r2t6,1.8,2024,2,,,clover,bean,3,4.2,
paul,r2t6,1.8,2024,2,,,clover,bean,4,4.3,
paul,r2t6,1.8,2024,2,,,clover,bean,5,3.4,
paul,r2t7,3.6,2024,2,,,carrot,bean,1,2.2,
paul,r2t7,3.6,2024,2,,,carrot,bean,2,3.5,
paul,r2t7,3.6,2024,2,,,carrot,bean,3,3.6,
paul,r2t7,3.6,2024,2,,,carrot,bean,4,3.2,
paul,r2t7,3.6,2024,2,,,carrot,bean,5,2.9,
paul,r2t8,0,2024,2,,,kale,bean,1,3.8,
paul,r2t8,0,2024,2,,,kale,bean,2,3.6,
paul,r2t8,0,2024,2,,,kale,bean,3,2.2,
paul,r2t8,0,2024,2,,,kale,bean,4,2.9,
paul,r2t8,0,2024,2,,,kale,bean,5,3.9,
paul,r2t9,1.8,2024,2,,,carrot,bean,1,3.8,
paul,r2t9,1.8,2024,2,,,carrot,bean,2,4.4,
paul,r2t9,1.8,2024,2,,,carrot,bean,3,3.6,
paul,r2t9,1.8,2024,2,,,carrot,bean,4,4.1,
paul,r2t9,1.8,2024,2,,,carrot,bean,5,4.1,
paul,r3t1,3.6,2024,3,,,kale,bean,1,3.1,
paul,r3t1,3.6,2024,3,,,kale,bean,2,4,
paul,r3t1,3.6,2024,3,,,kale,bean,3,3.8,
paul,r3t1,3.6,2024,3,,,kale,bean,4,4,
paul,r3t1,3.6,2024,3,,,kale,bean,5,2.9,
paul,r3t2,1.8,2024,3,,,carrot,bean,1,2.2,
paul,r3t2,1.8,2024,3,,,carrot,bean,2,3.9,
paul,r3t2,1.8,2024,3,,,carrot,bean,3,3.4,
paul,r3t2,1.8,2024,3,,,carrot,bean,4,4,
paul,r3t2,1.8,2024,3,,,carrot,bean,5,4.1,
paul,r3t3,0,2024,3,,,clover,bean,1,4.2,
paul,r3t3,0,2024,3,,,clover,bean,2,3.5,
paul,r3t3,0,2024,3,,,clover,bean,3,3.3,
paul,r3t3,0,2024,3,,,clover,bean,4,3.8,
paul,r3t3,0,2024,3,,,clover,bean,5,3,
paul,r3t4,1.8,2024,3,,,kale,bean,1,,
paul,r3t4,1.8,2024,3,,,kale,bean,2,,
paul,r3t4,1.8,2024,3,,,kale,bean,3,,
paul,r3t4,1.8,2024,3,,,kale,bean,4,,
paul,r3t4,1.8,2024,3,,,kale,bean,5,,
paul,r3t5,0,2024,3,,,carrot,bean,1,3,
paul,r3t5,0,2024,3,,,carrot,bean,2,3,
paul,r3t5,0,2024,3,,,carrot,bean,3,3.9,
paul,r3t5,0,2024,3,,,carrot,bean,4,2.7,
paul,r3t5,0,2024,3,,,carrot,bean,5,2.2,
paul,r3t6,3.6,2024,3,,,clover,bean,1,3.6,
paul,r3t6,3.6,2024,3,,,clover,bean,2,5.3,
paul,r3t6,3.6,2024,3,,,clover,bean,3,3.6,
paul,r3t6,3.6,2024,3,,,clover,bean,4,4.4,
paul,r3t6,3.6,2024,3,,,clover,bean,5,5.1,
paul,r3t7,0,2024,3,,,kale,bean,1,1.1,
paul,r3t7,0,2024,3,,,kale,bean,2,2,
paul,r3t7,0,2024,3,,,kale,bean,3,2,
paul,r3t7,0,2024,3,,,kale,bean,4,2.9,
paul,r3t7,0,2024,3,,,kale,bean,5,3.5,
paul,r3t8,1.8,2024,3,,,clover,bean,1,3.2,
paul,r3t8,1.8,2024,3,,,clover,bean,2,4,
paul,r3t8,1.8,2024,3,,,clover,bean,3,4.3,
paul,r3t8,1.8,2024,3,,,clover,bean,4,3.5,
paul,r3t8,1.8,2024,3,,,clover,bean,5,3.9,
paul,r3t9,3.6,2024,3,,,carrot,bean,1,3.7,
paul,r3t9,3.6,2024,3,,,carrot,bean,2,4.1,
paul,r3t9,3.6,2024,3,,,carrot,bean,3,4.2,
paul,r3t9,3.6,2024,3,,,carrot,bean,4,4.3,
paul,r3t9,3.6,2024,3,,,carrot,bean,5,4.3,
paul,r4t1,1.8,2024,4,,,clover,bean,1,2.9,
paul,r4t1,1.8,2024,4,,,clover,bean,2,3.4,
paul,r4t1,1.8,2024,4,,,clover,bean,3,3.7,
paul,r4t1,1.8,2024,4,,,clover,bean,4,3.2,
paul,r4t1,1.8,2024,4,,,clover,bean,5,4.3,
paul,r4t2,0,2024,4,,,kale,bean,1,1.7,
paul,r4t2,0,2024,4,,,kale,bean,2,4,
paul,r4t2,0,2024,4,,,kale,bean,3,3.8,
paul,r4t2,0,2024,4,,,kale,bean,4,2.1,
paul,r4t2,0,2024,4,,,kale,bean,5,2.3,
paul,r4t3,1.8,2024,4,,,carrot,bean,1,3.8,
paul,r4t3,1.8,2024,4,,,carrot,bean,2,3.8,
paul,r4t3,1.8,2024,4,,,carrot,bean,3,3.5,
paul,r4t3,1.8,2024,4,,,carrot,bean,4,3.9,
paul,r4t3,1.8,2024,4,,,carrot,bean,5,3.4,
paul,r4t4,3.6,2024,4,,,kale,bean,1,3.8,
paul,r4t4,3.6,2024,4,,,kale,bean,2,2.9,
paul,r4t4,3.6,2024,4,,,kale,bean,3,3.7,
paul,r4t4,3.6,2024,4,,,kale,bean,4,3.9,
paul,r4t4,3.6,2024,4,,,kale,bean,5,3.1,
paul,r4t5,0,2024,4,,,clover,bean,1,3.9,
paul,r4t5,0,2024,4,,,clover,bean,2,4.2,
paul,r4t5,0,2024,4,,,clover,bean,3,4.2,
paul,r4t5,0,2024,4,,,clover,bean,4,3,
paul,r4t5,0,2024,4,,,clover,bean,5,3.6,
paul,r4t6,3.6,2024,4,,,carrot,bean,1,4,
paul,r4t6,3.6,2024,4,,,carrot,bean,2,4.6,
paul,r4t6,3.6,2024,4,,,carrot,bean,3,3.1,
paul,r4t6,3.6,2024,4,,,carrot,bean,4,3.4,
paul,r4t6,3.6,2024,4,,,carrot,bean,5,4.5,
paul,r4t7,1.8,2024,4,,,kale,bean,1,2.9,
paul,r4t7,1.8,2024,4,,,kale,bean,2,3.9,
paul,r4t7,1.8,2024,4,,,kale,bean,3,4.4,
paul,r4t7,1.8,2024,4,,,kale,bean,4,4.7,
paul,r4t7,1.8,2024,4,,,kale,bean,5,4.5,
paul,r4t8,3.6,2024,4,,,clover,bean,1,4.2,
paul,r4t8,3.6,2024,4,,,clover,bean,2,4.2,
paul,r4t8,3.6,2024,4,,,clover,bean,3,4.2,
paul,r4t8,3.6,2024,4,,,clover,bean,4,4.2,
paul,r4t8,3.6,2024,4,,,clover,bean,5,3.9,
paul,r4t9,0,2024,4,,,carrot,bean,1,3.9,
paul,r4t9,0,2024,4,,,carrot,bean,2,4,
paul,r4t9,0,2024,4,,,carrot,bean,3,3.1,
paul,r4t9,0,2024,4,,,carrot,bean,4,4.3,
paul,r4t9,0,2024,4,,,carrot,bean,5,4.4,
hort,r1t9,0,2024,1,,,kale,kale,1,5.3,
hort,r1t9,0,2024,1,,,kale,kale,2,6.8,
hort,r1t9,0,2024,1,,,kale,kale,3,6.9,
hort,r1t9,0,2024,1,,,kale,kale,4,6.4,
hort,r1t9,0,2024,1,,,kale,kale,5,8,
hort,r2t8,0,2024,2,,,kale,kale,1,7.7,
hort,r2t8,0,2024,2,,,kale,kale,2,5.3,
hort,r2t8,0,2024,2,,,kale,kale,3,7.4,
hort,r2t8,0,2024,2,,,kale,kale,4,5.7,
hort,r2t8,0,2024,2,,,kale,kale,5,7.5,
hort,r3t7,0,2024,3,,,kale,kale,1,7.7,
hort,r3t7,0,2024,3,,,kale,kale,2,7.4,
hort,r3t7,0,2024,3,,,kale,kale,3,6.7,
hort,r3t7,0,2024,3,,,kale,kale,4,8.6,
hort,r3t7,0,2024,3,,,kale,kale,5,8.8,
hort,r4t2,0,2024,4,,,kale,kale,1,4.4,
hort,r4t2,0,2024,4,,,kale,kale,2,3.5,
hort,r4t2,0,2024,4,,,kale,kale,3,6.5,
hort,r4t2,0,2024,4,,,kale,kale,4,7.9,
hort,r4t2,0,2024,4,,,kale,kale,5,5.3,
